{"schemaVersion":"1.0","appDefinitionTemplate":{"id":"/providers/Microsoft.PowerApps/apps/","type":"Microsoft.PowerApps/apps","tags":{"primaryDeviceWidth":"1366","primaryDeviceHeight":"768","supportsPortrait":"true","supportsLandscape":"true","primaryFormFactor":"Tablet","publisherVersion":"3.23041.11","minimumRequiredApiVersion":"2.2.0","hasComponent":"false","hasUnlockedComponent":"false","isUnifiedRootApp":"false","sienaVersion":"20230423T193808Z-3.23041.11.0"},"properties":{"appVersion":"2023-04-23T19:38:08Z","lifeCycleId":"Published","createdByClientVersion":{"major":3,"minor":23041,"build":11,"revision":0,"majorRevision":0,"minorRevision":0},"minClientVersion":{"major":3,"minor":23041,"build":11,"revision":0,"majorRevision":0,"minorRevision":0},"backgroundColor":"rgba(171, 3, 70, 1)","backgroundImageUri":"/3370031063197885359/N6530df62-993e-43b2-8d9f-428b0b44aaed-logoSmallFile","displayName":"Reimbursement Application","description":"","commitMessage":"","appUris":{"documentUri":{"value":"/3370031063197885359/N97521f0e-8d76-4671-8777-eb5e90b228be-document.msapp"},"imageUris":[],"additionalUris":[]},"createdTime":"0001-01-01T00:00:00Z","lastModifiedTime":"0001-01-01T00:00:00Z","sharedGroupsCount":0,"sharedUsersCount":0,"connectionReferences":{"80dab4a5-7c90-4c11-843a-939dea1784c4":{"id":"5419e5e6-bf36-4c05-a3e1-98436e332c81","displayName":"SharePoint","iconUri":"https://connectoricons-prod.azureedge.net/releases/v1.0.1627/1.0.1627.3238/sharepointonline/icon.png","dataSources":["Reimbursement Application","RA Certificate Library"],"dependencies":[],"dependents":["30c23008-f64d-4027-9532-832015019425"],"parameterHints":{},"parameterHintsV2":{},"isOnPremiseConnection":false,"bypassConsent":false,"dataSets":{"https://540xzv.sharepoint.com":{"dataSources":{"Reimbursement Application":{"tableName":"d2578431-7574-404b-b4d2-9ec2db575c40"},"RA Certificate Library":{"tableName":"551fb0c1-70e2-4200-bb6c-ad31ca6b81b3"}}}},"apiTier":"Standard","isCustomApiConnection":false,"actions":["providers/PowerPlatform.Governance/Operations/Read"]},"30c23008-f64d-4027-9532-832015019425":{"id":"0e9c1d47-b758-43a6-ae9b-20a119d7e47b","displayName":"Logic flows","iconUri":"https://connectoricons-prod.azureedge.net/releases/v1.0.1615/1.0.1615.3163/logicflows/icon.png","dataSources":["SaveFileToDocLibrary"],"dependencies":["80dab4a5-7c90-4c11-843a-939dea1784c4"],"dependents":[],"parameterHints":{"workflowName":{"value":"73830d50-4489-423d-bb9d-b7b3bd7ea6cb"},"workflowEntityId":{},"80dab4a5-7c90-4c11-843a-939dea1784c4":{"value":"shared_sharepointonline"}},"parameterHintsV2":{"workflowName":{"value":"73830d50-4489-423d-bb9d-b7b3bd7ea6cb"},"workflowEntityId":{},"shared_sharepointonline":{"value":"80dab4a5-7c90-4c11-843a-939dea1784c4"}},"isOnPremiseConnection":false,"bypassConsent":false,"dataSets":{},"apiTier":"Standard","isCustomApiConnection":false,"actions":["Run"],"nestedActions":[{"id":"/providers/Microsoft.PowerApps/apis/shared_sharepointonline/apiOperations/CreateFile","apiName":"SharePoint","actionName":"CreateFile","referencedResources":[{"key":"site","value":"https://540xzv.sharepoint.com"}]},{"id":"/providers/Microsoft.PowerApps/apis/shared_sharepointonline/apiOperations/PatchFileItem","apiName":"SharePoint","actionName":"PatchFileItem","referencedResources":[{"key":"site","value":"https://540xzv.sharepoint.com"},{"key":"list","value":"551fb0c1-70e2-4200-bb6c-ad31ca6b81b3"}]},{"id":"/providers/Microsoft.PowerApps/apis/shared_sharepointonline/apiOperations/PatchItem","apiName":"SharePoint","actionName":"PatchItem","referencedResources":[{"key":"site","value":"https://540xzv.sharepoint.com"},{"key":"list","value":"d2578431-7574-404b-b4d2-9ec2db575c40"}]}]}},"databaseReferences":{},"almMode":"Environment","performanceOptimizationEnabled":true,"canConsumeAppPass":true,"enableModernRuntimeMode":false,"executionRestrictions":{"isTeamsOnly":false,"dataLossPreventionEvaluationResult":{"status":"Compliant","lastEvaluationDate":"2023-04-23T19:38:34.0911281Z","violations":[],"violationsByPolicy":[],"violationErrorMessage":"The app uses the following connectors: shared_sharepointonline, shared_logicflows."},"httpActionRestriction":{"appUsesSharepointHttpAction":false,"enforcementStrategy":"Legacy","evaluationTime":"2023-04-23T19:38:34.0910419Z"}}},"appType":"ClassicCanvasApp","appComponents":[]}}