{"name":"388ccce0-a787-4b2d-b256-23159cf3cc3a","id":"/providers/Microsoft.Flow/flows/388ccce0-a787-4b2d-b256-23159cf3cc3a","type":"Microsoft.Flow/flows","properties":{"apiId":"/providers/Microsoft.PowerApps/apis/shared_logicflows","displayName":"SaveFileToDocLibrary","definition":{"metadata":{"workflowEntityId":null,"processAdvisorMetadata":null,"flowclientsuspensionreason":"None","flowclientsuspensiontime":null,"flowclientsuspensionreasondetails":null,"creator":{"id":"2752a1ef-ddd6-46aa-996c-fb1691e46030","type":"User","tenantId":"62331334-373c-4a2f-a8d8-cb96037dd0d2"},"provisioningMethod":"FromDefinition","failureAlertSubscription":true,"clientLastModifiedTime":"2023-03-15T13:22:18.6211758Z"},"$schema":"https://schema.management.azure.com/providers/Microsoft.Logic/schemas/2016-06-01/workflowdefinition.json#","contentVersion":"1.0.0.0","parameters":{"$connections":{"defaultValue":{},"type":"Object"},"$authentication":{"defaultValue":{},"type":"SecureObject"}},"triggers":{"manual":{"metadata":{"operationMetadataId":"8ce3675e-fa8c-4f27-a1cc-efef66fd9da2"},"type":"Request","kind":"PowerAppV2","inputs":{"schema":{"type":"object","properties":{"number":{"title":"parentID","type":"number","x-ms-dynamically-added":true,"description":"Please enter a number","x-ms-content-hint":"NUMBER"},"file":{"title":"File Content","type":"object","x-ms-dynamically-added":true,"description":"Please select file or image","x-ms-content-hint":"FILE","properties":{"name":{"type":"string"},"contentBytes":{"type":"string","format":"byte"}}}},"required":["number"]}}}},"actions":{"Create_file":{"runAfter":{},"metadata":{"operationMetadataId":"b3985abe-fcf7-4c85-826e-791574a1c13b"},"type":"OpenApiConnection","inputs":{"host":{"apiId":"/providers/Microsoft.PowerApps/apis/shared_sharepointonline","connectionName":"shared_sharepointonline","operationId":"CreateFile"},"parameters":{"dataset":"https://540xzv.sharepoint.com","folderPath":"/RA Certificate Library","name":"@{concat('file_,',triggerBody()['number'])}@{triggerBody()['file']['name']}","body":"@triggerBody()['file']['contentBytes']"},"authentication":{"value":"@json(decodeBase64(triggerOutputs().headers['X-MS-APIM-Tokens']))['$ConnectionKey']","type":"Raw"}},"runtimeConfiguration":{"contentTransfer":{"transferMode":"Chunked"}}},"Update_file_properties":{"runAfter":{"Create_file":["Succeeded"]},"metadata":{"operationMetadataId":"77e82bf2-becc-40d0-be38-abb7e5dc46de"},"type":"OpenApiConnection","inputs":{"host":{"apiId":"/providers/Microsoft.PowerApps/apis/shared_sharepointonline","connectionName":"shared_sharepointonline","operationId":"PatchFileItem"},"parameters":{"dataset":"https://540xzv.sharepoint.com","table":"551fb0c1-70e2-4200-bb6c-ad31ca6b81b3","id":"@outputs('Create_file')?['body/ItemId']","item/parentID":"@triggerBody()['number']"},"authentication":{"value":"@json(decodeBase64(triggerOutputs().headers['X-MS-APIM-Tokens']))['$ConnectionKey']","type":"Raw"}}},"Respond_to_a_PowerApp_or_flow":{"runAfter":{"Update_item":["Succeeded"]},"metadata":{"operationMetadataId":"6eb62b0a-388b-4214-b527-e6727884f929"},"type":"Response","kind":"PowerApp","inputs":{"statusCode":200,"body":{},"schema":{"type":"object","properties":{}}}},"Update_item":{"runAfter":{"Update_file_properties":["Succeeded"]},"metadata":{"operationMetadataId":"02a265a2-d824-4bb0-bb11-f5c7f4d8c275"},"type":"OpenApiConnection","inputs":{"host":{"apiId":"/providers/Microsoft.PowerApps/apis/shared_sharepointonline","connectionName":"shared_sharepointonline","operationId":"PatchItem"},"parameters":{"dataset":"https://540xzv.sharepoint.com","table":"d2578431-7574-404b-b4d2-9ec2db575c40","id":"@triggerBody()['number']","item/Expirable_x003f_":true,"item/fileID":"@outputs('Create_file')?['body/ItemId']"},"authentication":{"value":"@json(decodeBase64(triggerOutputs().headers['X-MS-APIM-Tokens']))['$ConnectionKey']","type":"Raw"}}}},"outputs":{}},"connectionReferences":{"shared_sharepointonline":{"connectionName":"903aed7359f148a789ab9f24597f102e","source":"Invoker","id":"/providers/Microsoft.PowerApps/apis/shared_sharepointonline","tier":"NotSpecified"}},"flowFailureAlertSubscribed":false,"isManaged":false}}